"ISO","Year","Nominal GDP"
"AFG",2012,"20,293"
"AFG",2013,"20,170"
"AFG",2014,"20,616"
"AFG",2015,"20,057"
"AFG",2016,"18,020"
"AFG",2017,"18,883"
"AFG",2018,"18,336"
"AFG",2019,"18,876"
"AFG",2020,"20,136"
"AFG",2021,"14,278"
"AFG",2022,"14,501"
"AFG",2023,"17,248"
"AFG",2024,"17,817"
"ALB",2012,"12,324"
"ALB",2013,"12,784"
"ALB",2014,"13,246"
"ALB",2015,"11,389"
"ALB",2016,"11,862"
"ALB",2017,"13,053"
"ALB",2018,"15,380"
"ALB",2019,"15,582"
"ALB",2020,"15,271"
"ALB",2021,"17,985"
"ALB",2022,"19,189"
"ALB",2023,"23,633"
"ALB",2024,"27,084"
"DZA",2012,"227,144"
"DZA",2013,"229,701"
"DZA",2014,"238,943"
"DZA",2015,"187,494"
"DZA",2016,"180,764"
"DZA",2017,"190,004"
"DZA",2018,"194,507"
"DZA",2019,"193,361"
"DZA",2020,"164,774"
"DZA",2021,"185,850"
"DZA",2022,"225,709"
"DZA",2023,"248,087"
"DZA",2024,"269,140"
"AND",2012,"3,189"
"AND",2013,"3,193"
"AND",2014,"3,267"
"AND",2015,"2,789"
"AND",2016,"2,895"
"AND",2017,"2,993"
"AND",2018,"3,217"
"AND",2019,"3,155"
"AND",2020,"2,885"
"AND",2021,"3,325"
"AND",2022,"3,376"
"AND",2023,"3,786"
"AND",2024,"4,042"
"AGO",2012,"143,573"
"AGO",2013,"153,761"
"AGO",2014,"164,448"
"AGO",2015,"131,661"
"AGO",2016,"116,473"
"AGO",2017,"141,911"
"AGO",2018,"115,456"
"AGO",2019,"95,210"
"AGO",2020,"66,136"
"AGO",2021,"83,022"
"AGO",2022,"139,171"
"AGO",2023,"113,135"
"AGO",2024,"119,574"
"ATG",2012,"1,365"
"ATG",2013,"1,325"
"ATG",2014,"1,379"
"ATG",2015,"1,437"
"ATG",2016,"1,490"
"ATG",2017,"1,535"
"ATG",2018,"1,662"
"ATG",2019,"1,726"
"ATG",2020,"1,412"
"ATG",2021,"1,602"
"ATG",2022,"1,857"
"ATG",2023,"2,054"
"ATG",2024,"2,162"
"ARG",2012,"579,666"
"ARG",2013,"611,471"
"ARG",2014,"563,614"
"ARG",2015,"642,464"
"ARG",2016,"556,774"
"ARG",2017,"643,861"
"ARG",2018,"524,431"
"ARG",2019,"446,762"
"ARG",2020,"385,218"
"ARG",2021,"486,040"
"ARG",2022,"633,520"
"ARG",2023,"648,895"
"ARG",2024,"637,234"
"ARM",2012,"10,619"
"ARM",2013,"11,121"
"ARM",2014,"11,610"
"ARM",2015,"10,553"
"ARM",2016,"10,546"
"ARM",2017,"11,527"
"ARM",2018,"12,458"
"ARM",2019,"13,619"
"ARM",2020,"12,642"
"ARM",2021,"13,879"
"ARM",2022,"19,514"
"ARM",2023,"24,186"
"ARM",2024,"25,955"
"ABW",2012,"2,615"
"ABW",2013,"2,728"
"ABW",2014,"2,791"
"ABW",2015,"2,963"
"ABW",2016,"2,984"
"ABW",2017,"3,092"
"ABW",2018,"3,276"
"ABW",2019,"3,347"
"ABW",2020,"2,471"
"ABW",2021,"2,881"
"ABW",2022,"3,324"
"ABW",2023,"3,871"
"ABW",2024,"4,285"
"AUS",2012,"1,575,930"
"AUS",2013,"1,526,608"
"AUS",2014,"1,463,091"
"AUS",2015,"1,238,863"
"AUS",2016,"1,267,660"
"AUS",2017,"1,386,367"
"AUS",2018,"1,422,597"
"AUS",2019,"1,391,987"
"AUS",2020,"1,366,669"
"AUS",2021,"1,660,123"
"AUS",2022,"1,731,233"
"AUS",2023,"1,748,175"
"AUS",2024,"1,799,418"
"AUT",2012,"407,008"
"AUT",2013,"426,587"
"AUT",2014,"438,669"
"AUT",2015,"379,584"
"AUT",2016,"393,579"
"AUT",2017,"414,780"
"AUT",2018,"452,787"
"AUT",2019,"443,033"
"AUT",2020,"434,050"
"AUT",2021,"480,786"
"AUT",2022,"473,594"
"AUT",2023,"516,820"
"AUT",2024,"534,630"
"AZE",2012,"69,684"
"AZE",2013,"74,164"
"AZE",2014,"75,235"
"AZE",2015,"52,997"
"AZE",2016,"37,830"
"AZE",2017,"41,375"
"AZE",2018,"47,113"
"AZE",2019,"48,174"
"AZE",2020,"42,693"
"AZE",2021,"54,825"
"AZE",2022,"78,807"
"AZE",2023,"72,428"
"AZE",2024,"74,426"
"BHS",2012,"10,720"
"BHS",2013,"10,475"
"BHS",2014,"11,139"
"BHS",2015,"11,838"
"BHS",2016,"11,881"
"BHS",2017,"12,447"
"BHS",2018,"12,819"
"BHS",2019,"13,277"
"BHS",2020,"10,363"
"BHS",2021,"12,037"
"BHS",2022,"13,897"
"BHS",2023,"15,271"
"BHS",2024,"15,833"
"BHR",2012,"31,963"
"BHR",2013,"33,823"
"BHR",2014,"34,773"
"BHR",2015,"32,523"
"BHR",2016,"33,885"
"BHR",2017,"37,205"
"BHR",2018,"39,568"
"BHR",2019,"40,447"
"BHR",2020,"35,838"
"BHR",2021,"40,840"
"BHR",2022,"46,458"
"BHR",2023,"46,192"
"BHR",2024,"47,210"
"BGD",2012,"159,749"
"BGD",2013,"179,676"
"BGD",2014,"207,102"
"BGD",2015,"233,687"
"BGD",2016,"265,236"
"BGD",2017,"293,755"
"BGD",2018,"321,379"
"BGD",2019,"351,238"
"BGD",2020,"373,902"
"BGD",2021,"416,265"
"BGD",2022,"460,201"
"BGD",2023,"451,534"
"BGD",2024,"450,461"
"BRB",2012,"5,487"
"BRB",2013,"5,660"
"BRB",2014,"5,685"
"BRB",2015,"5,700"
"BRB",2016,"5,679"
"BRB",2017,"5,847"
"BRB",2018,"6,001"
"BRB",2019,"6,167"
"BRB",2020,"5,403"
"BRB",2021,"5,949"
"BRB",2022,"6,887"
"BRB",2023,"7,223"
"BRB",2024,"7,598"
"BLR",2012,"65,669"
"BLR",2013,"75,496"
"BLR",2014,"78,736"
"BLR",2015,"56,329"
"BLR",2016,"47,703"
"BLR",2017,"54,723"
"BLR",2018,"60,011"
"BLR",2019,"64,414"
"BLR",2020,"61,312"
"BLR",2021,"68,207"
"BLR",2022,"73,735"
"BLR",2023,"71,792"
"BLR",2024,"78,847"
"BEL",2012,"498,731"
"BEL",2013,"524,106"
"BEL",2014,"538,127"
"BEL",2015,"461,091"
"BEL",2016,"474,141"
"BEL",2017,"500,733"
"BEL",2018,"542,885"
"BEL",2019,"536,787"
"BEL",2020,"529,269"
"BEL",2021,"598,920"
"BEL",2022,"591,551"
"BEL",2023,"651,518"
"BEL",2024,"671,168"
"BLZ",2012,"1,917"
"BLZ",2013,"2,035"
"BLZ",2014,"2,138"
"BLZ",2015,"2,193"
"BLZ",2016,"2,240"
"BLZ",2017,"2,266"
"BLZ",2018,"2,286"
"BLZ",2019,"2,381"
"BLZ",2020,"2,047"
"BLZ",2021,"2,429"
"BLZ",2022,"2,847"
"BLZ",2023,"3,052"
"BLZ",2024,"3,204"
"BEN",2012,"11,148"
"BEN",2013,"12,518"
"BEN",2014,"13,288"
"BEN",2015,"11,389"
"BEN",2016,"11,818"
"BEN",2017,"12,766"
"BEN",2018,"14,346"
"BEN",2019,"14,697"
"BEN",2020,"15,674"
"BEN",2021,"17,699"
"BEN",2022,"17,439"
"BEN",2023,"19,679"
"BEN",2024,"21,487"
"BTN",2012,"1,966"
"BTN",2013,"1,995"
"BTN",2014,"1,962"
"BTN",2015,"2,159"
"BTN",2016,"2,252"
"BTN",2017,"2,462"
"BTN",2018,"2,651"
"BTN",2019,"2,618"
"BTN",2020,"2,586"
"BTN",2021,"2,621"
"BTN",2022,"2,866"
"BTN",2023,"2,920"
"BTN",2024,"3,147"
"BOL",2012,"31,444"
"BOL",2013,"35,965"
"BOL",2014,"39,307"
"BOL",2015,"40,034"
"BOL",2016,"41,606"
"BOL",2017,"46,262"
"BOL",2018,"48,767"
"BOL",2019,"49,414"
"BOL",2020,"42,622"
"BOL",2021,"48,227"
"BOL",2022,"51,331"
"BOL",2023,"52,722"
"BOL",2024,"55,281"
"BIH",2012,"17,237"
"BIH",2013,"18,184"
"BIH",2014,"18,588"
"BIH",2015,"16,413"
"BIH",2016,"17,124"
"BIH",2017,"18,363"
"BIH",2018,"20,504"
"BIH",2019,"20,485"
"BIH",2020,"20,264"
"BIH",2021,"23,688"
"BIH",2022,"24,581"
"BIH",2023,"27,606"
"BIH",2024,"29,738"
"BWA",2012,"13,907"
"BWA",2013,"14,272"
"BWA",2014,"15,470"
"BWA",2015,"13,531"
"BWA",2016,"15,083"
"BWA",2017,"16,105"
"BWA",2018,"17,032"
"BWA",2019,"16,696"
"BWA",2020,"14,930"
"BWA",2021,"18,750"
"BWA",2022,"20,321"
"BWA",2023,"19,411"
"BWA",2024,"19,356"
"BRA",2012,"2,464,053"
"BRA",2013,"2,471,718"
"BRA",2014,"2,456,055"
"BRA",2015,"1,800,046"
"BRA",2016,"1,796,622"
"BRA",2017,"2,063,519"
"BRA",2018,"1,916,934"
"BRA",2019,"1,873,286"
"BRA",2020,"1,476,092"
"BRA",2021,"1,670,650"
"BRA",2022,"1,951,849"
"BRA",2023,"2,191,137"
"BRA",2024,"2,185,822"
"BRN",2012,"19,051"
"BRN",2013,"18,094"
"BRN",2014,"17,093"
"BRN",2015,"12,933"
"BRN",2016,"11,403"
"BRN",2017,"12,130"
"BRN",2018,"13,564"
"BRN",2019,"13,472"
"BRN",2020,"12,008"
"BRN",2021,"14,008"
"BRN",2022,"16,684"
"BRN",2023,"15,098"
"BRN",2024,"15,334"
"BGR",2012,"54,323"
"BGR",2013,"55,855"
"BGR",2014,"57,172"
"BGR",2015,"50,818"
"BGR",2016,"53,948"
"BGR",2017,"59,288"
"BGR",2018,"66,163"
"BGR",2019,"68,513"
"BGR",2020,"70,595"
"BGR",2021,"84,437"
"BGR",2022,"90,716"
"BGR",2023,"102,237"
"BGR",2024,"113,364"
"BFA",2012,"12,569"
"BFA",2013,"13,444"
"BFA",2014,"13,947"
"BFA",2015,"11,833"
"BFA",2016,"12,829"
"BFA",2017,"14,094"
"BFA",2018,"15,916"
"BFA",2019,"16,092"
"BFA",2020,"17,837"
"BFA",2021,"19,708"
"BFA",2022,"18,662"
"BFA",2023,"20,116"
"BFA",2024,"23,130"
"BDI",2012,"2,333"
"BDI",2013,"2,456"
"BDI",2014,"2,706"
"BDI",2015,"3,104"
"BDI",2016,"2,960"
"BDI",2017,"3,172"
"BDI",2018,"3,037"
"BDI",2019,"3,009"
"BDI",2020,"3,089"
"BDI",2021,"3,356"
"BDI",2022,"3,922"
"BDI",2023,"4,291"
"BDI",2024,"4,838"
"CPV",2012,"1,913"
"CPV",2013,"2,029"
"CPV",2014,"2,042"
"CPV",2015,"1,750"
"CPV",2016,"1,850"
"CPV",2017,"1,997"
"CPV",2018,"2,205"
"CPV",2019,"2,251"
"CPV",2020,"1,829"
"CPV",2021,"2,053"
"CPV",2022,"2,252"
"CPV",2023,"2,501"
"CPV",2024,"2,726"
"KHM",2012,"17,757"
"KHM",2013,"19,679"
"KHM",2014,"22,176"
"KHM",2015,"24,080"
"KHM",2016,"26,502"
"KHM",2017,"29,121"
"KHM",2018,"32,839"
"KHM",2019,"35,979"
"KHM",2020,"34,497"
"KHM",2021,"36,170"
"KHM",2022,"39,461"
"KHM",2023,"42,404"
"KHM",2024,"46,098"
"CMR",2012,"30,174"
"CMR",2013,"33,729"
"CMR",2014,"36,396"
"CMR",2015,"32,213"
"CMR",2016,"33,805"
"CMR",2017,"36,086"
"CMR",2018,"39,992"
"CMR",2019,"39,673"
"CMR",2020,"40,832"
"CMR",2021,"45,036"
"CMR",2022,"44,443"
"CMR",2023,"48,822"
"CMR",2024,"53,308"
"CAN",2012,"1,828,362"
"CAN",2013,"1,846,595"
"CAN",2014,"1,805,751"
"CAN",2015,"1,556,508"
"CAN",2016,"1,527,996"
"CAN",2017,"1,649,266"
"CAN",2018,"1,725,300"
"CAN",2019,"1,743,725"
"CAN",2020,"1,655,685"
"CAN",2021,"2,022,382"
"CAN",2022,"2,200,567"
"CAN",2023,"2,196,594"
"CAN",2024,"2,270,076"
"CAF",2012,"2,512"
"CAF",2013,"1,692"
"CAF",2014,"2,051"
"CAF",2015,"1,866"
"CAF",2016,"1,995"
"CAF",2017,"2,198"
"CAF",2018,"2,383"
"CAF",2019,"2,444"
"CAF",2020,"2,503"
"CAF",2021,"2,711"
"CAF",2022,"2,565"
"CAF",2023,"2,722"
"CAF",2024,"2,868"
"TCD",2012,"17,878"
"TCD",2013,"17,861"
"TCD",2014,"18,186"
"TCD",2015,"14,566"
"TCD",2016,"13,075"
"TCD",2017,"13,258"
"TCD",2018,"15,169"
"TCD",2019,"14,819"
"TCD",2020,"14,812"
"TCD",2021,"16,975"
"TCD",2022,"18,052"
"TCD",2023,"18,638"
"TCD",2024,"20,656"
"CHL",2012,"267,165"
"CHL",2013,"277,218"
"CHL",2014,"259,394"
"CHL",2015,"242,515"
"CHL",2016,"249,306"
"CHL",2017,"276,357"
"CHL",2018,"295,428"
"CHL",2019,"278,040"
"CHL",2020,"254,060"
"CHL",2021,"315,411"
"CHL",2022,"301,270"
"CHL",2023,"335,627"
"CHL",2024,"330,210"
"CHN",2012,"8,682,534"
"CHN",2013,"9,787,510"
"CHN",2014,"10,702,458"
"CHN",2015,"11,305,640"
"CHN",2016,"11,452,000"
"CHN",2017,"12,516,152"
"CHN",2018,"14,107,927"
"CHN",2019,"14,593,450"
"CHN",2020,"15,110,191"
"CHN",2021,"18,183,505"
"CHN",2022,"18,337,777"
"CHN",2023,"18,366,936"
"CHN",2024,"18,945,112"
"COL",2012,"370,692"
"COL",2013,"382,094"
"COL",2014,"381,241"
"COL",2015,"293,493"
"COL",2016,"282,720"
"COL",2017,"311,890"
"COL",2018,"334,124"
"COL",2019,"323,055"
"COL",2020,"270,348"
"COL",2021,"318,525"
"COL",2022,"345,632"
"COL",2023,"366,901"
"COL",2024,"420,504"
"COM",2012,"1,016"
"COM",2013,"1,116"
"COM",2014,"1,150"
"COM",2015,"966"
"COM",2016,"1,013"
"COM",2017,"1,077"
"COM",2018,"1,179"
"COM",2019,"1,188"
"COM",2020,"1,218"
"COM",2021,"1,273"
"COM",2022,"1,224"
"COM",2023,"1,329"
"COM",2024,"1,442"
"COD",2012,"30,074"
"COD",2013,"34,908"
"COD",2014,"38,355"
"COD",2015,"40,154"
"COD",2016,"38,086"
"COD",2017,"37,499"
"COD",2018,"46,660"
"COD",2019,"46,844"
"COD",2020,"46,682"
"COD",2021,"59,068"
"COD",2022,"70,422"
"COD",2023,"69,844"
"COD",2024,"76,731"
"COG",2012,"17,704"
"COG",2013,"17,959"
"COG",2014,"17,918"
"COG",2015,"11,891"
"COG",2016,"10,928"
"COG",2017,"11,830"
"COG",2018,"14,781"
"COG",2019,"13,977"
"COG",2020,"11,485"
"COG",2021,"13,387"
"COG",2022,"13,967"
"COG",2023,"14,169"
"COG",2024,"14,774"
"CRI",2012,"47,231"
"CRI",2013,"50,949"
"CRI",2014,"52,017"
"CRI",2015,"56,442"
"CRI",2016,"58,847"
"CRI",2017,"60,517"
"CRI",2018,"62,570"
"CRI",2019,"64,748"
"CRI",2020,"62,792"
"CRI",2021,"65,582"
"CRI",2022,"70,993"
"CRI",2023,"87,524"
"CRI",2024,"96,730"
"CIV",2012,"37,030"
"CIV",2013,"43,228"
"CIV",2014,"48,882"
"CIV",2015,"45,815"
"CIV",2016,"48,408"
"CIV",2017,"52,512"
"CIV",2018,"58,522"
"CIV",2019,"60,383"
"CIV",2020,"63,119"
"CIV",2021,"72,833"
"CIV",2022,"71,075"
"CIV",2023,"80,792"
"CIV",2024,"87,132"
"HRV",2012,"57,586"
"HRV",2013,"59,846"
"HRV",2014,"59,623"
"HRV",2015,"51,005"
"HRV",2016,"52,636"
"HRV",2017,"56,164"
"HRV",2018,"61,694"
"HRV",2019,"61,474"
"HRV",2020,"57,914"
"HRV",2021,"69,052"
"HRV",2022,"71,257"
"HRV",2023,"85,647"
"HRV",2024,"92,955"
"CYP",2012,"25,063"
"CYP",2013,"23,960"
"CYP",2014,"23,232"
"CYP",2015,"19,911"
"CYP",2016,"21,041"
"CYP",2017,"22,938"
"CYP",2018,"25,766"
"CYP",2019,"26,200"
"CYP",2020,"25,535"
"CYP",2021,"30,392"
"CYP",2022,"31,243"
"CYP",2023,"35,085"
"CYP",2024,"37,623"
"CZE",2012,"210,363"
"CZE",2013,"213,024"
"CZE",2014,"210,911"
"CZE",2015,"189,108"
"CZE",2016,"198,161"
"CZE",2017,"221,564"
"CZE",2018,"251,992"
"CZE",2019,"256,794"
"CZE",2020,"251,110"
"CZE",2021,"290,973"
"CZE",2022,"301,831"
"CZE",2023,"345,059"
"CZE",2024,"347,083"
"DNK",2012,"326,793"
"DNK",2013,"344,631"
"DNK",2014,"352,833"
"DNK",2015,"301,759"
"DNK",2016,"312,182"
"DNK",2017,"331,611"
"DNK",2018,"355,293"
"DNK",2019,"345,402"
"DNK",2020,"355,631"
"DNK",2021,"406,110"
"DNK",2022,"400,115"
"DNK",2023,"404,652"
"DNK",2024,"424,525"
"DJI",2012,"1,901"
"DJI",2013,"2,044"
"DJI",2014,"2,221"
"DJI",2015,"2,424"
"DJI",2016,"2,605"
"DJI",2017,"2,763"
"DJI",2018,"2,913"
"DJI",2019,"3,089"
"DJI",2020,"3,144"
"DJI",2021,"3,393"
"DJI",2022,"3,563"
"DJI",2023,"3,898"
"DJI",2024,"4,152"
"DMA",2012,"486"
"DMA",2013,"498"
"DMA",2014,"520"
"DMA",2015,"541"
"DMA",2016,"576"
"DMA",2017,"522"
"DMA",2018,"555"
"DMA",2019,"612"
"DMA",2020,"504"
"DMA",2021,"555"
"DMA",2022,"607"
"DMA",2023,"659"
"DMA",2024,"689"
"DOM",2012,"60,627"
"DOM",2013,"62,631"
"DOM",2014,"67,098"
"DOM",2015,"71,056"
"DOM",2016,"75,625"
"DOM",2017,"79,153"
"DOM",2018,"85,068"
"DOM",2019,"89,237"
"DOM",2020,"78,625"
"DOM",2021,"95,067"
"DOM",2022,"113,813"
"DOM",2023,"120,794"
"DOM",2024,"124,613"
"ECU",2012,"87,735"
"ECU",2013,"96,570"
"ECU",2014,"102,718"
"ECU",2015,"97,210"
"ECU",2016,"97,671"
"ECU",2017,"104,467"
"ECU",2018,"107,479"
"ECU",2019,"107,596"
"ECU",2020,"95,865"
"ECU",2021,"107,179"
"ECU",2022,"116,133"
"ECU",2023,"120,793"
"ECU",2024,"123,802"
"EGY",2012,"294,482"
"EGY",2013,"303,194"
"EGY",2014,"321,634"
"EGY",2015,"350,119"
"EGY",2016,"351,443"
"EGY",2017,"246,826"
"EGY",2018,"263,156"
"EGY",2019,"317,894"
"EGY",2020,"382,525"
"EGY",2021,"423,300"
"EGY",2022,"475,231"
"EGY",2023,"393,828"
"EGY",2024,"383,105"
"SLV",2012,"21,386"
"SLV",2013,"21,991"
"SLV",2014,"22,593"
"SLV",2015,"23,438"
"SLV",2016,"24,191"
"SLV",2017,"24,979"
"SLV",2018,"26,021"
"SLV",2019,"26,881"
"SLV",2020,"24,921"
"SLV",2021,"29,043"
"SLV",2022,"31,870"
"SLV",2023,"33,854"
"SLV",2024,"35,365"
"GNQ",2012,"22,403"
"GNQ",2013,"21,949"
"GNQ",2014,"21,771"
"GNQ",2015,"13,187"
"GNQ",2016,"11,238"
"GNQ",2017,"12,197"
"GNQ",2018,"13,309"
"GNQ",2019,"11,365"
"GNQ",2020,"9,908"
"GNQ",2021,"12,222"
"GNQ",2022,"13,717"
"GNQ",2023,"12,339"
"GNQ",2024,"12,769"
"ERI",2012,"2,255"
"ERI",2013,"1,958"
"ERI",2014,"2,604"
"ERI",2015,"2,016"
"ERI",2016,"2,213"
"ERI",2017,"1,904"
"ERI",2018,"2,006"
"ERI",2019,"1,982"
"ERI",2020,"1,982"
"ERI",2021,"1,982"
"ERI",2022,"1,982"
"ERI",2023,"1,982"
"ERI",2024,"1,982"
"EST",2012,"23,252"
"EST",2013,"25,451"
"EST",2014,"27,063"
"EST",2015,"23,314"
"EST",2016,"24,554"
"EST",2017,"27,460"
"EST",2018,"31,237"
"EST",2019,"31,877"
"EST",2020,"31,795"
"EST",2021,"37,226"
"EST",2022,"38,257"
"EST",2023,"41,482"
"EST",2024,"43,117"
"SWZ",2012,"4,744"
"SWZ",2013,"4,466"
"SWZ",2014,"4,288"
"SWZ",2015,"3,906"
"SWZ",2016,"3,721"
"SWZ",2017,"4,467"
"SWZ",2018,"4,644"
"SWZ",2019,"4,617"
"SWZ",2020,"4,136"
"SWZ",2021,"4,807"
"SWZ",2022,"4,747"
"SWZ",2023,"4,621"
"SWZ",2024,"4,855"
"ETH",2012,"42,221"
"ETH",2013,"46,544"
"ETH",2014,"54,165"
"ETH",2015,"63,081"
"ETH",2016,"72,120"
"ETH",2017,"76,841"
"ETH",2018,"80,207"
"ETH",2019,"92,608"
"ETH",2020,"96,611"
"ETH",2021,"99,261"
"ETH",2022,"118,958"
"ETH",2023,"159,761"
"ETH",2024,"142,073"
"FJI",2012,"4,303"
"FJI",2013,"4,539"
"FJI",2014,"4,857"
"FJI",2015,"4,682"
"FJI",2016,"4,930"
"FJI",2017,"5,353"
"FJI",2018,"5,581"
"FJI",2019,"5,345"
"FJI",2020,"4,228"
"FJI",2021,"4,159"
"FJI",2022,"4,978"
"FJI",2023,"5,477"
"FJI",2024,"5,968"
"FIN",2012,"257,606"
"FIN",2013,"270,272"
"FIN",2014,"273,549"
"FIN",2015,"233,234"
"FIN",2016,"238,712"
"FIN",2017,"253,757"
"FIN",2018,"273,993"
"FIN",2019,"267,044"
"FIN",2020,"269,784"
"FIN",2021,"294,419"
"FIN",2022,"280,474"
"FIN",2023,"295,277"
"FIN",2024,"298,639"
"FRA",2012,"2,684,706"
"FRA",2013,"2,816,119"
"FRA",2014,"2,861,973"
"FRA",2015,"2,442,731"
"FRA",2016,"2,469,726"
"FRA",2017,"2,587,955"
"FRA",2018,"2,782,838"
"FRA",2019,"2,723,094"
"FRA",2020,"2,645,806"
"FRA",2021,"2,968,405"
"FRA",2022,"2,796,987"
"FRA",2023,"3,061,095"
"FRA",2024,"3,161,042"
"GAB",2012,"17,181"
"GAB",2013,"17,596"
"GAB",2014,"18,209"
"GAB",2015,"14,385"
"GAB",2016,"14,020"
"GAB",2017,"14,924"
"GAB",2018,"16,830"
"GAB",2019,"16,875"
"GAB",2020,"15,364"
"GAB",2021,"19,455"
"GAB",2022,"20,485"
"GAB",2023,"20,059"
"GAB",2024,"20,900"
"GMB",2012,"1,415"
"GMB",2013,"1,376"
"GMB",2014,"1,229"
"GMB",2015,"1,355"
"GMB",2016,"1,470"
"GMB",2017,"1,498"
"GMB",2018,"1,662"
"GMB",2019,"1,806"
"GMB",2020,"1,809"
"GMB",2021,"2,045"
"GMB",2022,"2,135"
"GMB",2023,"2,331"
"GMB",2024,"2,403"
"GEO",2012,"16,894"
"GEO",2013,"17,516"
"GEO",2014,"17,966"
"GEO",2015,"15,223"
"GEO",2016,"15,445"
"GEO",2017,"16,472"
"GEO",2018,"17,905"
"GEO",2019,"17,645"
"GEO",2020,"16,013"
"GEO",2021,"18,849"
"GEO",2022,"24,985"
"GEO",2023,"30,778"
"GEO",2024,"34,191"
"DEU",2012,"3,598,761"
"DEU",2013,"3,807,079"
"DEU",2014,"3,965,893"
"DEU",2015,"3,425,446"
"DEU",2016,"3,535,812"
"DEU",2017,"3,764,023"
"DEU",2018,"4,057,272"
"DEU",2019,"3,960,332"
"DEU",2020,"3,938,244"
"DEU",2021,"4,358,147"
"DEU",2022,"4,204,327"
"DEU",2023,"4,563,523"
"DEU",2024,"4,684,182"
"GHA",2012,"55,800"
"GHA",2013,"62,846"
"GHA",2014,"54,678"
"GHA",2015,"49,437"
"GHA",2016,"56,144"
"GHA",2017,"60,385"
"GHA",2018,"67,259"
"GHA",2019,"68,353"
"GHA",2020,"70,008"
"GHA",2021,"79,514"
"GHA",2022,"73,919"
"GHA",2023,"80,547"
"GHA",2024,"83,289"
"GRC",2012,"238,992"
"GRC",2013,"236,560"
"GRC",2014,"233,972"
"GRC",2015,"194,587"
"GRC",2016,"193,044"
"GRC",2017,"200,310"
"GRC",2018,"213,396"
"GRC",2019,"207,329"
"GRC",2020,"191,210"
"GRC",2021,"218,449"
"GRC",2022,"218,162"
"GRC",2023,"243,016"
"GRC",2024,"256,161"
"GRD",2012,"800"
"GRD",2013,"843"
"GRD",2014,"911"
"GRD",2015,"997"
"GRD",2016,"1,062"
"GRD",2017,"1,126"
"GRD",2018,"1,167"
"GRD",2019,"1,213"
"GRD",2020,"1,043"
"GRD",2021,"1,122"
"GRD",2022,"1,224"
"GRD",2023,"1,336"
"GRD",2024,"1,351"
"GTM",2012,"49,902"
"GTM",2013,"52,989"
"GTM",2014,"57,835"
"GTM",2015,"62,180"
"GTM",2016,"66,034"
"GTM",2017,"71,624"
"GTM",2018,"73,331"
"GTM",2019,"77,156"
"GTM",2020,"77,718"
"GTM",2021,"86,443"
"GTM",2022,"95,642"
"GTM",2023,"104,354"
"GTM",2024,"113,190"
"GIN",2012,"7,387"
"GIN",2013,"8,376"
"GIN",2014,"8,777"
"GIN",2015,"8,790"
"GIN",2016,"8,604"
"GIN",2017,"10,325"
"GIN",2018,"11,857"
"GIN",2019,"13,443"
"GIN",2020,"14,089"
"GIN",2021,"16,320"
"GIN",2022,"19,589"
"GIN",2023,"22,089"
"GIN",2024,"24,233"
"GNB",2012,"1,050"
"GNB",2013,"1,110"
"GNB",2014,"1,136"
"GNB",2015,"1,153"
"GNB",2016,"1,245"
"GNB",2017,"1,469"
"GNB",2018,"1,555"
"GNB",2019,"1,487"
"GNB",2020,"1,523"
"GNB",2021,"1,722"
"GNB",2022,"1,721"
"GNB",2023,"2,005"
"GNB",2024,"2,186"
"GUY",2012,"4,063"
"GUY",2013,"4,168"
"GUY",2014,"4,128"
"GUY",2015,"4,280"
"GUY",2016,"4,483"
"GUY",2017,"4,748"
"GUY",2018,"4,788"
"GUY",2019,"5,174"
"GUY",2020,"5,471"
"GUY",2021,"8,041"
"GUY",2022,"14,718"
"GUY",2023,"16,919"
"GUY",2024,"24,659"
"HTI",2012,"13,709"
"HTI",2013,"14,904"
"HTI",2014,"15,137"
"HTI",2015,"14,831"
"HTI",2016,"13,996"
"HTI",2017,"15,036"
"HTI",2018,"16,454"
"HTI",2019,"14,787"
"HTI",2020,"14,508"
"HTI",2021,"21,017"
"HTI",2022,"19,826"
"HTI",2023,"19,603"
"HTI",2024,"25,285"
"HND",2012,"18,523"
"HND",2013,"18,494"
"HND",2014,"19,753"
"HND",2015,"20,978"
"HND",2016,"21,712"
"HND",2017,"23,138"
"HND",2018,"24,067"
"HND",2019,"24,883"
"HND",2020,"23,350"
"HND",2021,"28,146"
"HND",2022,"31,425"
"HND",2023,"34,356"
"HND",2024,"37,100"
"HKG",2012,"262,629"
"HKG",2013,"275,697"
"HKG",2014,"291,460"
"HKG",2015,"309,386"
"HKG",2016,"320,860"
"HKG",2017,"341,271"
"HKG",2018,"361,731"
"HKG",2019,"363,075"
"HKG",2020,"344,941"
"HKG",2021,"368,954"
"HKG",2022,"358,674"
"HKG",2023,"380,762"
"HKG",2024,"408,369"
"HUN",2012,"128,470"
"HUN",2013,"135,646"
"HUN",2014,"141,129"
"HUN",2015,"125,244"
"HUN",2016,"128,984"
"HUN",2017,"143,335"
"HUN",2018,"161,185"
"HUN",2019,"164,927"
"HUN",2020,"158,468"
"HUN",2021,"183,283"
"HUN",2022,"177,784"
"HUN",2023,"213,315"
"HUN",2024,"222,878"
"ISL",2012,"14,944"
"ISL",2013,"16,244"
"ISL",2014,"18,052"
"ISL",2015,"17,700"
"ISL",2016,"21,084"
"ISL",2017,"25,060"
"ISL",2018,"26,678"
"ISL",2019,"24,986"
"ISL",2020,"22,035"
"ISL",2021,"26,235"
"ISL",2022,"29,176"
"ISL",2023,"31,702"
"ISL",2024,"33,187"
"IND",2012,"1,822,862"
"IND",2013,"1,847,019"
"IND",2014,"2,023,143"
"IND",2015,"2,081,604"
"IND",2016,"2,264,818"
"IND",2017,"2,609,908"
"IND",2018,"2,653,495"
"IND",2019,"2,776,336"
"IND",2020,"2,611,953"
"IND",2021,"3,084,517"
"IND",2022,"3,249,939"
"IND",2023,"3,500,906"
"IND",2024,"3,760,814"
"IDN",2012,"917,870"
"IDN",2013,"912,524"
"IDN",2014,"890,815"
"IDN",2015,"860,854"
"IDN",2016,"931,877"
"IDN",2017,"1,015,619"
"IDN",2018,"1,042,272"
"IDN",2019,"1,119,100"
"IDN",2020,"1,059,055"
"IDN",2021,"1,186,510"
"IDN",2022,"1,319,101"
"IDN",2023,"1,371,167"
"IDN",2024,"1,396,302"
"IRN",2012,"487,110"
"IRN",2013,"494,544"
"IRN",2014,"532,056"
"IRN",2015,"471,415"
"IRN",2016,"477,575"
"IRN",2017,"507,800"
"IRN",2018,"343,713"
"IRN",2019,"252,142"
"IRN",2020,"209,510"
"IRN",2021,"307,337"
"IRN",2022,"403,254"
"IRN",2023,"421,547"
"IRN",2024,"416,676"
"IRQ",2012,"218,032"
"IRQ",2013,"234,638"
"IRQ",2014,"234,651"
"IRQ",2015,"177,634"
"IRQ",2016,"168,429"
"IRQ",2017,"190,048"
"IRQ",2018,"230,189"
"IRQ",2019,"236,682"
"IRQ",2020,"182,576"
"IRQ",2021,"210,753"
"IRQ",2022,"288,059"
"IRQ",2023,"270,799"
"IRQ",2024,"286,523"
"IRL",2012,"227,066"
"IRL",2013,"242,928"
"IRL",2014,"266,559"
"IRL",2015,"302,133"
"IRL",2016,"305,347"
"IRL",2017,"348,232"
"IRL",2018,"395,960"
"IRL",2019,"407,256"
"IRL",2020,"435,659"
"IRL",2021,"530,747"
"IRL",2022,"548,773"
"IRL",2023,"567,537"
"IRL",2024,"608,974"
"ISR",2012,"263,172"
"ISR",2013,"298,045"
"ISR",2014,"314,377"
"ISR",2015,"302,839"
"ISR",2016,"321,083"
"ISR",2017,"357,361"
"ISR",2018,"375,471"
"ISR",2019,"399,209"
"ISR",2020,"410,909"
"ISR",2021,"489,736"
"ISR",2022,"525,159"
"ISR",2023,"513,394"
"ISR",2024,"542,285"
"ITA",2012,"2,099,259"
"ITA",2013,"2,153,257"
"ITA",2014,"2,173,816"
"ITA",2015,"1,845,615"
"ITA",2016,"1,886,590"
"ITA",2017,"1,970,025"
"ITA",2018,"2,100,387"
"ITA",2019,"2,019,829"
"ITA",2020,"1,905,956"
"ITA",2021,"2,180,657"
"ITA",2022,"2,105,723"
"ITA",2023,"2,317,550"
"ITA",2024,"2,382,718"
"JAM",2012,"15,149"
"JAM",2013,"14,582"
"JAM",2014,"14,225"
"JAM",2015,"14,927"
"JAM",2016,"14,931"
"JAM",2017,"15,726"
"JAM",2018,"16,767"
"JAM",2019,"17,002"
"JAM",2020,"15,079"
"JAM",2021,"15,982"
"JAM",2022,"18,710"
"JAM",2023,"21,299"
"JAM",2024,"21,900"
"JPN",2012,"6,333,803"
"JPN",2013,"5,272,297"
"JPN",2014,"4,985,764"
"JPN",2015,"4,534,438"
"JPN",2016,"5,110,357"
"JPN",2017,"5,038,232"
"JPN",2018,"5,154,293"
"JPN",2019,"5,245,755"
"JPN",2020,"5,189,197"
"JPN",2021,"5,225,934"
"JPN",2022,"4,447,976"
"JPN",2023,"4,384,854"
"JPN",2024,"4,190,008"
"JOR",2012,"34,903"
"JOR",2013,"37,927"
"JOR",2014,"40,592"
"JOR",2015,"42,454"
"JOR",2016,"43,750"
"JOR",2017,"45,600"
"JOR",2018,"47,503"
"JOR",2019,"48,709"
"JOR",2020,"48,000"
"JOR",2021,"50,775"
"JOR",2022,"53,593"
"JOR",2023,"56,203"
"JOR",2024,"58,701"
"KAZ",2012,"207,999"
"KAZ",2013,"236,635"
"KAZ",2014,"221,416"
"KAZ",2015,"184,388"
"KAZ",2016,"137,278"
"KAZ",2017,"166,806"
"KAZ",2018,"179,340"
"KAZ",2019,"181,667"
"KAZ",2020,"171,082"
"KAZ",2021,"197,112"
"KAZ",2022,"225,496"
"KAZ",2023,"261,840"
"KAZ",2024,"291,480"
"KEN",2012,"56,407"
"KEN",2013,"61,703"
"KEN",2014,"68,395"
"KEN",2015,"70,370"
"KEN",2016,"74,816"
"KEN",2017,"81,965"
"KEN",2018,"92,211"
"KEN",2019,"100,328"
"KEN",2020,"100,922"
"KEN",2021,"109,875"
"KEN",2022,"114,733"
"KEN",2023,"108,206"
"KEN",2024,"119,307"
"KIR",2012,"207"
"KIR",2013,"202"
"KIR",2014,"201"
"KIR",2015,"192"
"KIR",2016,"207"
"KIR",2017,"223"
"KIR",2018,"234"
"KIR",2019,"234"
"KIR",2020,"222"
"KIR",2021,"286"
"KIR",2022,"272"
"KIR",2023,"292"
"KIR",2024,"343"
"KOR",2012,"1,335,344"
"KOR",2013,"1,434,670"
"KOR",2014,"1,556,252"
"KOR",2015,"1,539,212"
"KOR",2016,"1,578,816"
"KOR",2017,"1,710,197"
"KOR",2018,"1,824,251"
"KOR",2019,"1,751,046"
"KOR",2020,"1,744,455"
"KOR",2021,"1,942,314"
"KOR",2022,"1,799,363"
"KOR",2023,"1,844,801"
"KOR",2024,"1,875,388"
"XKX",2012,"6,167"
"XKX",2013,"6,735"
"XKX",2014,"7,076"
"XKX",2015,"6,296"
"XKX",2016,"6,681"
"XKX",2017,"7,178"
"XKX",2018,"7,882"
"XKX",2019,"7,900"
"XKX",2020,"7,728"
"XKX",2021,"9,418"
"XKX",2022,"9,375"
"XKX",2023,"10,470"
"XKX",2024,"11,200"
"KWT",2012,"174,066"
"KWT",2013,"174,179"
"KWT",2014,"162,695"
"KWT",2015,"114,606"
"KWT",2016,"109,399"
"KWT",2017,"120,688"
"KWT",2018,"138,655"
"KWT",2019,"140,855"
"KWT",2020,"111,048"
"KWT",2021,"148,346"
"KWT",2022,"183,539"
"KWT",2023,"165,474"
"KWT",2024,"160,902"
"KGZ",2012,"6,604"
"KGZ",2013,"7,335"
"KGZ",2014,"7,467"
"KGZ",2015,"6,678"
"KGZ",2016,"6,813"
"KGZ",2017,"7,703"
"KGZ",2018,"8,271"
"KGZ",2019,"9,372"
"KGZ",2020,"8,283"
"KGZ",2021,"9,256"
"KGZ",2022,"12,269"
"KGZ",2023,"15,187"
"KGZ",2024,"18,175"
"LAO",2012,"10,194"
"LAO",2013,"11,972"
"LAO",2014,"13,266"
"LAO",2015,"14,418"
"LAO",2016,"15,904"
"LAO",2017,"17,055"
"LAO",2018,"18,131"
"LAO",2019,"18,770"
"LAO",2020,"18,511"
"LAO",2021,"18,533"
"LAO",2022,"15,121"
"LAO",2023,"14,993"
"LAO",2024,"15,792"
"LVA",2012,"27,136"
"LVA",2013,"29,157"
"LVA",2014,"30,285"
"LVA",2015,"26,347"
"LVA",2016,"27,110"
"LVA",2017,"29,381"
"LVA",2018,"33,263"
"LVA",2019,"33,103"
"LVA",2020,"33,353"
"LVA",2021,"38,209"
"LVA",2022,"38,033"
"LVA",2023,"42,792"
"LVA",2024,"43,988"
"LBN",2012,"44,015"
"LBN",2013,"46,868"
"LBN",2014,"48,068"
"LBN",2015,"49,893"
"LBN",2016,"50,618"
"LBN",2017,"52,880"
"LBN",2018,"55,290"
"LBN",2019,"50,983"
"LBN",2020,"23,626"
"LBN",2021,"20,522"
"LBN",2022,"25,674"
"LBN",2023,"24,491"
"LBN",2024,"29,339"
"LSO",2012,"2,465"
"LSO",2013,"2,345"
"LSO",2014,"2,477"
"LSO",2015,"2,202"
"LSO",2016,"2,206"
"LSO",2017,"2,424"
"LSO",2018,"2,472"
"LSO",2019,"2,323"
"LSO",2020,"2,092"
"LSO",2021,"2,443"
"LSO",2022,"2,275"
"LSO",2023,"2,227"
"LSO",2024,"2,514"
"LBR",2012,"2,675"
"LBR",2013,"3,044"
"LBR",2014,"3,090"
"LBR",2015,"3,092"
"LBR",2016,"3,256"
"LBR",2017,"3,321"
"LBR",2018,"3,264"
"LBR",2019,"3,080"
"LBR",2020,"3,037"
"LBR",2021,"3,509"
"LBR",2022,"3,974"
"LBR",2023,"4,390"
"LBR",2024,"4,778"
"LBY",2012,"92,542"
"LBY",2013,"75,355"
"LBY",2014,"57,384"
"LBY",2015,"48,718"
"LBY",2016,"49,913"
"LBY",2017,"67,153"
"LBY",2018,"76,682"
"LBY",2019,"69,237"
"LBY",2020,"46,893"
"LBY",2021,"35,216"
"LBY",2022,"43,281"
"LBY",2023,"43,958"
"LBY",2024,"49,349"
"LIE",2012,"5,909"
"LIE",2013,"6,273"
"LIE",2014,"6,533"
"LIE",2015,"6,154"
"LIE",2016,"6,118"
"LIE",2017,"6,375"
"LIE",2018,"6,693"
"LIE",2019,"6,437"
"LIE",2020,"6,405"
"LIE",2021,"7,913"
"LIE",2022,"7,427"
"LIE",2023,"8,239"
"LIE",2024,"8,465"
"LTU",2012,"42,736"
"LTU",2013,"46,321"
"LTU",2014,"48,388"
"LTU",2015,"41,548"
"LTU",2016,"42,952"
"LTU",2017,"47,745"
"LTU",2018,"54,295"
"LTU",2019,"55,132"
"LTU",2020,"57,352"
"LTU",2021,"67,103"
"LTU",2022,"70,687"
"LTU",2023,"80,392"
"LTU",2024,"85,482"
"LUX",2012,"59,814"
"LUX",2013,"65,204"
"LUX",2014,"68,823"
"LUX",2015,"60,078"
"LUX",2016,"62,200"
"LUX",2017,"65,689"
"LUX",2018,"71,118"
"LUX",2019,"69,880"
"LUX",2020,"73,612"
"LUX",2021,"86,444"
"LUX",2022,"80,865"
"LUX",2023,"88,814"
"LUX",2024,"93,252"
"MAC",2012,"43,193"
"MAC",2013,"51,559"
"MAC",2014,"54,931"
"MAC",2015,"44,941"
"MAC",2016,"44,965"
"MAC",2017,"50,297"
"MAC",2018,"55,076"
"MAC",2019,"55,025"
"MAC",2020,"25,280"
"MAC",2021,"30,634"
"MAC",2022,"24,930"
"MAC",2023,"45,627"
"MAC",2024,"49,467"
"MDG",2012,"11,579"
"MDG",2013,"12,424"
"MDG",2014,"12,523"
"MDG",2015,"11,323"
"MDG",2016,"11,849"
"MDG",2017,"13,176"
"MDG",2018,"13,760"
"MDG",2019,"14,105"
"MDG",2020,"13,051"
"MDG",2021,"14,355"
"MDG",2022,"15,342"
"MDG",2023,"16,037"
"MDG",2024,"17,593"
"MWI",2012,"8,421"
"MWI",2013,"7,648"
"MWI",2014,"8,526"
"MWI",2015,"9,014"
"MWI",2016,"7,733"
"MWI",2017,"8,943"
"MWI",2018,"9,882"
"MWI",2019,"11,031"
"MWI",2020,"11,847"
"MWI",2021,"12,475"
"MWI",2022,"12,531"
"MWI",2023,"13,439"
"MWI",2024,"11,790"
"MYS",2012,"318,910"
"MYS",2013,"327,869"
"MYS",2014,"342,868"
"MYS",2015,"301,355"
"MYS",2016,"301,256"
"MYS",2017,"319,109"
"MYS",2018,"358,783"
"MYS",2019,"365,178"
"MYS",2020,"337,456"
"MYS",2021,"373,785"
"MYS",2022,"407,830"
"MYS",2023,"399,949"
"MYS",2024,"422,227"
"MDV",2012,"2,885"
"MDV",2013,"3,286"
"MDV",2014,"3,690"
"MDV",2015,"4,118"
"MDV",2016,"4,398"
"MDV",2017,"4,809"
"MDV",2018,"5,398"
"MDV",2019,"5,716"
"MDV",2020,"3,706"
"MDV",2021,"5,240"
"MDV",2022,"6,168"
"MDV",2023,"6,611"
"MDV",2024,"7,052"
"MLI",2012,"14,816"
"MLI",2013,"15,753"
"MLI",2014,"17,100"
"MLI",2015,"15,592"
"MLI",2016,"16,765"
"MLI",2017,"18,334"
"MLI",2018,"20,418"
"MLI",2019,"20,521"
"MLI",2020,"20,777"
"MLI",2021,"23,061"
"MLI",2022,"22,657"
"MLI",2023,"24,817"
"MLI",2024,"26,777"
"MLT",2012,"9,616"
"MLT",2013,"10,797"
"MLT",2014,"11,891"
"MLT",2015,"11,342"
"MLT",2016,"12,022"
"MLT",2017,"14,156"
"MLT",2018,"16,161"
"MLT",2019,"16,340"
"MLT",2020,"16,392"
"MLT",2021,"19,743"
"MLT",2022,"18,954"
"MLT",2023,"22,632"
"MLT",2024,"25,035"
"MHL",2012,"181"
"MHL",2013,"186"
"MHL",2014,"186"
"MHL",2015,"184"
"MHL",2016,"202"
"MHL",2017,"214"
"MHL",2018,"220"
"MHL",2019,"233"
"MHL",2020,"242"
"MHL",2021,"261"
"MHL",2022,"259"
"MHL",2023,"264"
"MHL",2024,"285"
"MRT",2012,"6,721"
"MRT",2013,"7,331"
"MRT",2014,"6,615"
"MRT",2015,"6,182"
"MRT",2016,"6,414"
"MRT",2017,"6,826"
"MRT",2018,"7,472"
"MRT",2019,"7,894"
"MRT",2020,"8,464"
"MRT",2021,"9,126"
"MRT",2022,"9,564"
"MRT",2023,"10,724"
"MRT",2024,"11,003"
"MUS",2012,"11,826"
"MUS",2013,"12,293"
"MUS",2014,"13,074"
"MUS",2015,"12,007"
"MUS",2016,"12,594"
"MUS",2017,"13,714"
"MUS",2018,"14,736"
"MUS",2019,"14,436"
"MUS",2020,"11,408"
"MUS",2021,"11,484"
"MUS",2022,"12,908"
"MUS",2023,"14,101"
"MUS",2024,"14,986"
"MEX",2012,"1,255,110"
"MEX",2013,"1,327,436"
"MEX",2014,"1,364,508"
"MEX",2015,"1,213,294"
"MEX",2016,"1,112,233"
"MEX",2017,"1,190,721"
"MEX",2018,"1,256,300"
"MEX",2019,"1,304,106"
"MEX",2020,"1,121,065"
"MEX",2021,"1,316,569"
"MEX",2022,"1,466,935"
"MEX",2023,"1,794,410"
"MEX",2024,"1,830,489"
"FSM",2012,"324"
"FSM",2013,"314"
"FSM",2014,"316"
"FSM",2015,"312"
"FSM",2016,"327"
"FSM",2017,"361"
"FSM",2018,"394"
"FSM",2019,"395"
"FSM",2020,"373"
"FSM",2021,"392"
"FSM",2022,"415"
"FSM",2023,"443"
"FSM",2024,"481"
"MDA",2012,"8,708"
"MDA",2013,"9,496"
"MDA",2014,"9,402"
"MDA",2015,"7,778"
"MDA",2016,"7,981"
"MDA",2017,"9,515"
"MDA",2018,"11,252"
"MDA",2019,"11,737"
"MDA",2020,"11,530"
"MDA",2021,"13,694"
"MDA",2022,"14,524"
"MDA",2023,"16,711"
"MDA",2024,"18,208"
"MNG",2012,"12,278"
"MNG",2013,"12,582"
"MNG",2014,"12,227"
"MNG",2015,"11,620"
"MNG",2016,"11,154"
"MNG",2017,"11,481"
"MNG",2018,"13,207"
"MNG",2019,"14,206"
"MNG",2020,"13,313"
"MNG",2021,"15,286"
"MNG",2022,"17,146"
"MNG",2023,"20,315"
"MNG",2024,"23,795"
"MNE",2012,"4,074"
"MNE",2013,"4,422"
"MNE",2014,"4,581"
"MNE",2015,"4,011"
"MNE",2016,"4,356"
"MNE",2017,"4,802"
"MNE",2018,"5,436"
"MNE",2019,"5,484"
"MNE",2020,"4,730"
"MNE",2021,"5,827"
"MNE",2022,"6,265"
"MNE",2023,"7,646"
"MNE",2024,"8,272"
"MAR",2012,"106,345"
"MAR",2013,"115,608"
"MAR",2014,"119,131"
"MAR",2015,"110,414"
"MAR",2016,"111,573"
"MAR",2017,"118,541"
"MAR",2018,"127,341"
"MAR",2019,"128,920"
"MAR",2020,"121,354"
"MAR",2021,"142,022"
"MAR",2022,"131,245"
"MAR",2023,"146,057"
"MAR",2024,"160,606"
"MOZ",2012,"16,688"
"MOZ",2013,"17,198"
"MOZ",2014,"17,978"
"MOZ",2015,"16,209"
"MOZ",2016,"12,069"
"MOZ",2017,"13,265"
"MOZ",2018,"15,017"
"MOZ",2019,"15,513"
"MOZ",2020,"14,235"
"MOZ",2021,"16,168"
"MOZ",2022,"18,884"
"MOZ",2023,"20,921"
"MOZ",2024,"22,745"
"MMR",2012,"58,374"
"MMR",2013,"62,656"
"MMR",2014,"65,404"
"MMR",2015,"59,330"
"MMR",2016,"62,839"
"MMR",2017,"66,083"
"MMR",2018,"67,491"
"MMR",2019,"75,282"
"MMR",2020,"77,026"
"MMR",2021,"55,260"
"MMR",2022,"67,437"
"MMR",2023,"66,821"
"MMR",2024,"76,759"
"NAM",2012,"13,016"
"NAM",2013,"12,168"
"NAM",2014,"12,434"
"NAM",2015,"11,450"
"NAM",2016,"10,719"
"NAM",2017,"12,883"
"NAM",2018,"13,676"
"NAM",2019,"12,539"
"NAM",2020,"10,583"
"NAM",2021,"12,399"
"NAM",2022,"12,564"
"NAM",2023,"12,402"
"NAM",2024,"13,370"
"NRU",2012,"101"
"NRU",2013,"89"
"NRU",2014,"97"
"NRU",2015,"76"
"NRU",2016,"100"
"NRU",2017,"109"
"NRU",2018,"131"
"NRU",2019,"125"
"NRU",2020,"125"
"NRU",2021,"149"
"NRU",2022,"181"
"NRU",2023,"161"
"NRU",2024,"168"
"NPL",2012,"21,703"
"NPL",2013,"22,162"
"NPL",2014,"22,722"
"NPL",2015,"24,361"
"NPL",2016,"24,524"
"NPL",2017,"28,972"
"NPL",2018,"33,112"
"NPL",2019,"34,186"
"NPL",2020,"33,434"
"NPL",2021,"36,927"
"NPL",2022,"41,183"
"NPL",2023,"41,048"
"NPL",2024,"42,914"
"NLD",2012,"846,225"
"NLD",2013,"883,964"
"NLD",2014,"901,789"
"NLD",2015,"775,822"
"NLD",2016,"796,944"
"NLD",2017,"847,934"
"NLD",2018,"930,155"
"NLD",2019,"929,006"
"NLD",2020,"931,814"
"NLD",2021,"1,055,173"
"NLD",2022,"1,047,364"
"NLD",2023,"1,135,803"
"NLD",2024,"1,214,562"
"NZL",2012,"175,315"
"NZL",2013,"187,226"
"NZL",2014,"200,224"
"NZL",2015,"176,375"
"NZL",2016,"185,978"
"NZL",2017,"203,663"
"NZL",2018,"209,489"
"NZL",2019,"210,962"
"NZL",2020,"210,840"
"NZL",2021,"249,720"
"NZL",2022,"245,165"
"NZL",2023,"253,650"
"NZL",2024,"258,827"
"NIC",2012,"10,532"
"NIC",2013,"10,983"
"NIC",2014,"11,880"
"NIC",2015,"12,757"
"NIC",2016,"13,286"
"NIC",2017,"13,786"
"NIC",2018,"13,025"
"NIC",2019,"12,713"
"NIC",2020,"12,730"
"NIC",2021,"14,208"
"NIC",2022,"15,634"
"NIC",2023,"17,813"
"NIC",2024,"19,697"
"NER",2012,"9,412"
"NER",2013,"10,206"
"NER",2014,"10,830"
"NER",2015,"9,684"
"NER",2016,"10,350"
"NER",2017,"11,181"
"NER",2018,"12,814"
"NER",2019,"12,917"
"NER",2020,"13,764"
"NER",2021,"14,923"
"NER",2022,"15,458"
"NER",2023,"16,809"
"NER",2024,"19,866"
"NGA",2012,"657,854"
"NGA",2013,"734,890"
"NGA",2014,"811,134"
"NGA",2015,"696,088"
"NGA",2016,"570,351"
"NGA",2017,"529,144"
"NGA",2018,"593,897"
"NGA",2019,"668,219"
"NGA",2020,"598,725"
"NGA",2021,"609,479"
"NGA",2022,"645,682"
"NGA",2023,"487,347"
"NGA",2024,"252,109"
"MKD",2012,"9,751"
"MKD",2013,"10,824"
"MKD",2014,"11,378"
"MKD",2015,"10,067"
"MKD",2016,"10,686"
"MKD",2017,"11,336"
"MKD",2018,"12,694"
"MKD",2019,"12,609"
"MKD",2020,"12,385"
"MKD",2021,"14,008"
"MKD",2022,"13,957"
"MKD",2023,"15,864"
"MKD",2024,"16,954"
"NOR",2012,"525,084"
"NOR",2013,"540,133"
"NOR",2014,"515,830"
"NOR",2015,"400,669"
"NOR",2016,"383,284"
"NOR",2017,"415,673"
"NOR",2018,"454,589"
"NOR",2019,"424,245"
"NOR",2020,"382,253"
"NOR",2021,"521,592"
"NOR",2022,"617,322"
"NOR",2023,"502,198"
"NOR",2024,"500,886"
"OMN",2012,"87,409"
"OMN",2013,"89,936"
"OMN",2014,"92,699"
"OMN",2015,"78,711"
"OMN",2016,"75,129"
"OMN",2017,"80,857"
"OMN",2018,"91,506"
"OMN",2019,"88,061"
"OMN",2020,"75,909"
"OMN",2021,"87,324"
"OMN",2022,"109,853"
"OMN",2023,"106,175"
"OMN",2024,"107,137"
"PAK",2012,"250,094"
"PAK",2013,"258,674"
"PAK",2014,"271,422"
"PAK",2015,"299,930"
"PAK",2016,"313,623"
"PAK",2017,"339,229"
"PAK",2018,"356,163"
"PAK",2019,"321,071"
"PAK",2020,"300,410"
"PAK",2021,"348,481"
"PAK",2022,"374,850"
"PAK",2023,"336,555"
"PAK",2024,"372,243"
"PLW",2012,"215"
"PLW",2013,"226"
"PLW",2014,"245"
"PLW",2015,"283"
"PLW",2016,"303"
"PLW",2017,"290"
"PLW",2018,"288"
"PLW",2019,"282"
"PLW",2020,"259"
"PLW",2021,"236"
"PLW",2022,"247"
"PLW",2023,"276"
"PLW",2024,"322"
"PAN",2012,"41,595"
"PAN",2013,"46,949"
"PAN",2014,"51,427"
"PAN",2015,"55,768"
"PAN",2016,"59,761"
"PAN",2017,"64,328"
"PAN",2018,"67,316"
"PAN",2019,"69,779"
"PAN",2020,"57,060"
"PAN",2021,"67,396"
"PAN",2022,"76,479"
"PAN",2023,"83,812"
"PAN",2024,"86,524"
"PNG",2012,"21,295"
"PNG",2013,"21,261"
"PNG",2014,"23,211"
"PNG",2015,"21,723"
"PNG",2016,"20,759"
"PNG",2017,"22,743"
"PNG",2018,"24,110"
"PNG",2019,"24,751"
"PNG",2020,"23,848"
"PNG",2021,"26,113"
"PNG",2022,"31,653"
"PNG",2023,"30,729"
"PNG",2024,"30,756"
"PRY",2012,"33,296"
"PRY",2013,"38,651"
"PRY",2014,"40,378"
"PRY",2015,"36,211"
"PRY",2016,"36,090"
"PRY",2017,"38,997"
"PRY",2018,"40,225"
"PRY",2019,"37,925"
"PRY",2020,"35,432"
"PRY",2021,"39,937"
"PRY",2022,"41,841"
"PRY",2023,"43,140"
"PRY",2024,"44,739"
"PER",2012,"193,268"
"PER",2013,"201,568"
"PER",2014,"203,671"
"PER",2015,"193,344"
"PER",2016,"198,818"
"PER",2017,"220,090"
"PER",2018,"229,550"
"PER",2019,"236,263"
"PER",2020,"209,057"
"PER",2021,"228,704"
"PER",2022,"248,179"
"PER",2023,"272,755"
"PER",2024,"295,220"
"PHL",2012,"261,920"
"PHL",2013,"283,903"
"PHL",2014,"297,484"
"PHL",2015,"306,446"
"PHL",2016,"318,627"
"PHL",2017,"328,481"
"PHL",2018,"346,842"
"PHL",2019,"376,823"
"PHL",2020,"361,751"
"PHL",2021,"394,087"
"PHL",2022,"404,353"
"PHL",2023,"437,055"
"PHL",2024,"461,617"
"POL",2012,"498,149"
"POL",2013,"518,180"
"POL",2014,"542,266"
"POL",2015,"479,729"
"POL",2016,"472,883"
"POL",2017,"528,497"
"POL",2018,"594,641"
"POL",2019,"602,592"
"POL",2020,"605,930"
"POL",2021,"689,253"
"POL",2022,"695,734"
"POL",2023,"812,959"
"POL",2024,"917,623"
"PRT",2012,"216,674"
"PRT",2013,"226,681"
"PRT",2014,"230,138"
"PRT",2015,"199,059"
"PRT",2016,"206,249"
"PRT",2017,"220,785"
"PRT",2018,"242,203"
"PRT",2019,"240,142"
"PRT",2020,"229,435"
"PRT",2021,"256,226"
"PRT",2022,"257,101"
"PRT",2023,"292,408"
"PRT",2024,"313,562"
"PRI",2012,"101,565"
"PRI",2013,"102,450"
"PRI",2014,"102,446"
"PRI",2015,"103,376"
"PRI",2016,"104,337"
"PRI",2017,"103,446"
"PRI",2018,"100,958"
"PRI",2019,"105,126"
"PRI",2020,"103,131"
"PRI",2021,"106,427"
"PRI",2022,"113,844"
"PRI",2023,"118,375"
"PRI",2024,"125,842"
"QAT",2012,"186,834"
"QAT",2013,"198,728"
"QAT",2014,"206,225"
"QAT",2015,"161,740"
"QAT",2016,"151,732"
"QAT",2017,"161,099"
"QAT",2018,"183,335"
"QAT",2019,"176,371"
"QAT",2020,"144,411"
"QAT",2021,"179,732"
"QAT",2022,"235,709"
"QAT",2023,"217,309"
"QAT",2024,"219,163"
"ROU",2012,"179,228"
"ROU",2013,"189,839"
"ROU",2014,"199,989"
"ROU",2015,"177,878"
"ROU",2016,"185,337"
"ROU",2017,"210,530"
"ROU",2018,"241,973"
"ROU",2019,"250,056"
"ROU",2020,"250,961"
"ROU",2021,"285,275"
"ROU",2022,"295,891"
"ROU",2023,"347,829"
"ROU",2024,"382,650"
"RUS",2012,"2,191,486"
"RUS",2013,"2,288,428"
"RUS",2014,"2,048,837"
"RUS",2015,"1,356,703"
"RUS",2016,"1,280,648"
"RUS",2017,"1,575,140"
"RUS",2018,"1,653,005"
"RUS",2019,"1,695,724"
"RUS",2020,"1,488,118"
"RUS",2021,"1,828,927"
"RUS",2022,"2,296,410"
"RUS",2023,"2,034,681"
"RUS",2024,"2,185,848"
"RWA",2012,"7,557"
"RWA",2013,"7,714"
"RWA",2014,"8,130"
"RWA",2015,"8,451"
"RWA",2016,"8,597"
"RWA",2017,"9,165"
"RWA",2018,"9,651"
"RWA",2019,"10,519"
"RWA",2020,"10,488"
"RWA",2021,"11,250"
"RWA",2022,"13,744"
"RWA",2023,"14,805"
"RWA",2024,"15,111"
"WSM",2012,"773"
"WSM",2013,"798"
"WSM",2014,"797"
"WSM",2015,"824"
"WSM",2016,"844"
"WSM",2017,"885"
"WSM",2018,"878"
"WSM",2019,"913"
"WSM",2020,"869"
"WSM",2021,"860"
"WSM",2022,"890"
"WSM",2023,"1,045"
"WSM",2024,"1,176"
"SMR",2012,"1,606"
"SMR",2013,"1,678"
"SMR",2014,"1,674"
"SMR",2015,"1,420"
"SMR",2016,"1,468"
"SMR",2017,"1,528"
"SMR",2018,"1,656"
"SMR",2019,"1,616"
"SMR",2020,"1,543"
"SMR",2021,"1,857"
"SMR",2022,"1,833"
"SMR",2023,"2,028"
"SMR",2024,"2,086"
"STP",2012,"231"
"STP",2013,"269"
"STP",2014,"295"
"STP",2015,"262"
"STP",2016,"294"
"STP",2017,"325"
"STP",2018,"387"
"STP",2019,"416"
"STP",2020,"476"
"STP",2021,"529"
"STP",2022,"546"
"STP",2023,"696"
"STP",2024,"828"
"SAU",2012,"751,921"
"SAU",2013,"769,755"
"SAU",2014,"787,153"
"SAU",2015,"693,415"
"SAU",2016,"689,279"
"SAU",2017,"741,266"
"SAU",2018,"886,564"
"SAU",2019,"888,888"
"SAU",2020,"767,303"
"SAU",2021,"982,661"
"SAU",2022,"1,239,075"
"SAU",2023,"1,218,585"
"SAU",2024,"1,254,141"
"SEN",2012,"17,672"
"SEN",2013,"18,919"
"SEN",2014,"19,802"
"SEN",2015,"17,777"
"SEN",2016,"19,035"
"SEN",2017,"20,989"
"SEN",2018,"23,127"
"SEN",2019,"23,405"
"SEN",2020,"24,566"
"SEN",2021,"27,535"
"SEN",2022,"27,843"
"SEN",2023,"30,701"
"SEN",2024,"32,829"
"SRB",2012,"45,111"
"SRB",2013,"50,456"
"SRB",2014,"49,114"
"SRB",2015,"41,297"
"SRB",2016,"42,225"
"SRB",2017,"45,973"
"SRB",2018,"52,788"
"SRB",2019,"53,865"
"SRB",2020,"55,874"
"SRB",2021,"65,830"
"SRB",2022,"66,810"
"SRB",2023,"81,344"
"SRB",2024,"90,088"
"SYC",2012,"1,060"
"SYC",2013,"1,328"
"SYC",2014,"1,388"
"SYC",2015,"1,432"
"SYC",2016,"1,568"
"SYC",2017,"1,675"
"SYC",2018,"1,776"
"SYC",2019,"1,867"
"SYC",2020,"1,384"
"SYC",2021,"1,490"
"SYC",2022,"2,000"
"SYC",2023,"2,172"
"SYC",2024,"2,229"
"SLE",2012,"5,746"
"SLE",2013,"6,736"
"SLE",2014,"6,521"
"SLE",2015,"6,750"
"SLE",2016,"6,038"
"SLE",2017,"5,823"
"SLE",2018,"6,390"
"SLE",2019,"6,519"
"SLE",2020,"6,682"
"SLE",2021,"7,166"
"SLE",2022,"7,121"
"SLE",2023,"6,401"
"SLE",2024,"6,970"
"SGP",2012,"295,093"
"SGP",2013,"307,576"
"SGP",2014,"314,864"
"SGP",2015,"307,999"
"SGP",2016,"320,759"
"SGP",2017,"344,795"
"SGP",2018,"377,976"
"SGP",2019,"376,827"
"SGP",2020,"351,227"
"SGP",2021,"441,111"
"SGP",2022,"514,253"
"SGP",2023,"511,182"
"SGP",2024,"572,877"
"SVK",2012,"94,784"
"SVK",2013,"99,136"
"SVK",2014,"101,739"
"SVK",2015,"89,188"
"SVK",2016,"90,322"
"SVK",2017,"95,944"
"SVK",2018,"106,660"
"SVK",2019,"105,855"
"SVK",2020,"107,646"
"SVK",2021,"120,591"
"SVK",2022,"115,884"
"SVK",2023,"133,617"
"SVK",2024,"140,892"
"SVN",2012,"46,196"
"SVN",2013,"47,868"
"SVN",2014,"49,527"
"SVN",2015,"42,714"
"SVN",2016,"44,279"
"SVN",2017,"48,136"
"SVN",2018,"53,713"
"SVN",2019,"53,916"
"SVN",2020,"53,342"
"SVN",2021,"61,582"
"SVN",2022,"59,946"
"SVN",2023,"69,275"
"SVN",2024,"72,950"
"SLB",2012,"1,185"
"SLB",2013,"1,286"
"SLB",2014,"1,336"
"SLB",2015,"1,308"
"SLB",2016,"1,379"
"SLB",2017,"1,470"
"SLB",2018,"1,615"
"SLB",2019,"1,619"
"SLB",2020,"1,536"
"SLB",2021,"1,558"
"SLB",2022,"1,467"
"SLB",2023,"1,506"
"SLB",2024,"1,584"
"SOM",2012,"5,183"
"SOM",2013,"5,869"
"SOM",2014,"6,443"
"SOM",2015,"6,841"
"SOM",2016,"7,391"
"SOM",2017,"8,252"
"SOM",2018,"7,873"
"SOM",2019,"8,655"
"SOM",2020,"8,628"
"SOM",2021,"9,484"
"SOM",2022,"10,203"
"SOM",2023,"10,969"
"SOM",2024,"12,161"
"ZAF",2012,"434,400"
"ZAF",2013,"400,877"
"ZAF",2014,"381,195"
"ZAF",2015,"346,663"
"ZAF",2016,"323,493"
"ZAF",2017,"381,317"
"ZAF",2018,"405,093"
"ZAF",2019,"389,245"
"ZAF",2020,"337,876"
"ZAF",2021,"419,878"
"ZAF",2022,"407,430"
"ZAF",2023,"381,334"
"ZAF",2024,"401,076"
"SSD",2012,"11,267"
"SSD",2013,"14,947"
"SSD",2014,"14,608"
"SSD",2015,"15,082"
"SSD",2016,"2,825"
"SSD",2017,"2,736"
"SSD",2018,"2,559"
"SSD",2019,"4,044"
"SSD",2020,"5,423"
"SSD",2021,"5,940"
"SSD",2022,"7,533"
"SSD",2023,"7,401"
"SSD",2024,"4,637"
"ESP",2012,"1,331,838"
"ESP",2013,"1,362,207"
"ESP",2014,"1,380,600"
"ESP",2015,"1,206,287"
"ESP",2016,"1,242,673"
"ESP",2017,"1,321,288"
"ESP",2018,"1,432,292"
"ESP",2019,"1,403,651"
"ESP",2020,"1,288,751"
"ESP",2021,"1,462,216"
"ESP",2022,"1,449,990"
"ESP",2023,"1,619,949"
"ESP",2024,"1,725,152"
"LKA",2012,"70,392"
"LKA",2013,"76,934"
"LKA",2014,"82,483"
"LKA",2015,"85,091"
"LKA",2016,"88,000"
"LKA",2017,"94,376"
"LKA",2018,"94,484"
"LKA",2019,"89,015"
"LKA",2020,"84,304"
"LKA",2021,"88,609"
"LKA",2022,"74,584"
"LKA",2023,"83,723"
"LKA",2024,"98,964"
"KNA",2012,"849"
"KNA",2013,"897"
"KNA",2014,"974"
"KNA",2015,"957"
"KNA",2016,"1,007"
"KNA",2017,"1,057"
"KNA",2018,"1,061"
"KNA",2019,"1,088"
"KNA",2020,"867"
"KNA",2021,"843"
"KNA",2022,"963"
"KNA",2023,"1,034"
"KNA",2024,"1,051"
"LCA",2012,"1,598"
"LCA",2013,"1,660"
"LCA",2014,"1,749"
"LCA",2015,"1,808"
"LCA",2016,"1,869"
"LCA",2017,"1,999"
"LCA",2018,"2,061"
"LCA",2019,"2,095"
"LCA",2020,"1,511"
"LCA",2021,"1,869"
"LCA",2022,"2,334"
"LCA",2023,"2,397"
"LCA",2024,"2,574"
"VCT",2012,"730"
"VCT",2013,"765"
"VCT",2014,"771"
"VCT",2015,"787"
"VCT",2016,"814"
"VCT",2017,"844"
"VCT",2018,"884"
"VCT",2019,"910"
"VCT",2020,"864"
"VCT",2021,"888"
"VCT",2022,"970"
"VCT",2023,"1,047"
"VCT",2024,"1,126"
"SDN",2012,"48,948"
"SDN",2013,"52,892"
"SDN",2014,"60,726"
"SDN",2015,"64,534"
"SDN",2016,"64,888"
"SDN",2017,"48,906"
"SDN",2018,"33,590"
"SDN",2019,"31,484"
"SDN",2020,"35,215"
"SDN",2021,"35,131"
"SDN",2022,"33,462"
"SDN",2023,"36,947"
"SDN",2024,"29,156"
"SUR",2012,"5,332"
"SUR",2013,"5,510"
"SUR",2014,"5,612"
"SUR",2015,"5,126"
"SUR",2016,"3,317"
"SUR",2017,"3,592"
"SUR",2018,"3,996"
"SUR",2019,"4,016"
"SUR",2020,"2,912"
"SUR",2021,"3,084"
"SUR",2022,"3,802"
"SUR",2023,"3,462"
"SUR",2024,"4,434"
"SWE",2012,"549,740"
"SWE",2013,"584,125"
"SWE",2014,"577,728"
"SWE",2015,"501,602"
"SWE",2016,"513,058"
"SWE",2017,"535,172"
"SWE",2018,"549,649"
"SWE",2019,"530,894"
"SWE",2020,"544,266"
"SWE",2021,"631,693"
"SWE",2022,"575,071"
"SWE",2023,"578,991"
"SWE",2024,"604,827"
"CHE",2012,"698,233"
"CHE",2013,"719,187"
"CHE",2014,"741,185"
"CHE",2015,"705,861"
"CHE",2016,"698,552"
"CHE",2017,"706,894"
"CHE",2018,"741,219"
"CHE",2019,"736,850"
"CHE",2020,"755,582"
"CHE",2021,"840,084"
"CHE",2022,"858,345"
"CHE",2023,"928,689"
"CHE",2024,"970,190"
"SYR",2012,"60,043"
"SYR",2013,"60,043"
"SYR",2014,"60,043"
"SYR",2015,"60,043"
"SYR",2016,"60,043"
"SYR",2017,"60,043"
"SYR",2018,"60,043"
"SYR",2019,"60,043"
"SYR",2020,"60,043"
"SYR",2021,"60,043"
"SYR",2022,"60,043"
"SYR",2023,"60,043"
"SYR",2024,"60,043"
"TWN",2012,"495,610"
"TWN",2013,"512,943"
"TWN",2014,"535,328"
"TWN",2015,"534,515"
"TWN",2016,"543,081"
"TWN",2017,"591,687"
"TWN",2018,"610,690"
"TWN",2019,"613,512"
"TWN",2020,"676,861"
"TWN",2021,"776,965"
"TWN",2022,"765,624"
"TWN",2023,"757,387"
"TWN",2024,"801,495"
"TJK",2012,"7,592"
"TJK",2013,"8,506"
"TJK",2014,"9,242"
"TJK",2015,"7,857"
"TJK",2016,"6,994"
"TJK",2017,"7,535"
"TJK",2018,"7,762"
"TJK",2019,"8,301"
"TJK",2020,"8,134"
"TJK",2021,"8,934"
"TJK",2022,"10,716"
"TJK",2023,"12,242"
"TJK",2024,"14,426"
"TZA",2012,"39,650"
"TZA",2013,"45,677"
"TZA",2014,"49,982"
"TZA",2015,"47,424"
"TZA",2016,"49,774"
"TZA",2017,"54,000"
"TZA",2018,"54,775"
"TZA",2019,"58,797"
"TZA",2020,"63,373"
"TZA",2021,"67,964"
"TZA",2022,"74,173"
"TZA",2023,"78,368"
"TZA",2024,"79,236"
"THA",2012,"397,558"
"THA",2013,"420,334"
"THA",2014,"407,339"
"THA",2015,"401,296"
"THA",2016,"413,366"
"THA",2017,"456,357"
"THA",2018,"506,754"
"THA",2019,"543,977"
"THA",2020,"500,275"
"THA",2021,"506,050"
"THA",2022,"495,692"
"THA",2023,"517,013"
"THA",2024,"529,386"
"TLS",2012,"1,160"
"TLS",2013,"1,396"
"TLS",2014,"1,448"
"TLS",2015,"1,590"
"TLS",2016,"1,640"
"TLS",2017,"1,585"
"TLS",2018,"1,556"
"TLS",2019,"2,033"
"TLS",2020,"2,163"
"TLS",2021,"3,625"
"TLS",2022,"3,209"
"TLS",2023,"2,080"
"TLS",2024,"1,866"
"TGO",2012,"5,417"
"TGO",2013,"6,022"
"TGO",2014,"6,395"
"TGO",2015,"5,756"
"TGO",2016,"6,069"
"TGO",2017,"6,385"
"TGO",2018,"7,032"
"TGO",2019,"6,993"
"TGO",2020,"7,497"
"TGO",2021,"8,546"
"TGO",2022,"8,665"
"TGO",2023,"9,725"
"TGO",2024,"10,644"
"TON",2012,"427"
"TON",2013,"452"
"TON",2014,"441"
"TON",2015,"438"
"TON",2016,"421"
"TON",2017,"460"
"TON",2018,"485"
"TON",2019,"505"
"TON",2020,"512"
"TON",2021,"521"
"TON",2022,"553"
"TON",2023,"596"
"TON",2024,"646"
"TTO",2012,"27,147"
"TTO",2013,"28,561"
"TTO",2014,"29,474"
"TTO",2015,"26,841"
"TTO",2016,"23,624"
"TTO",2017,"23,831"
"TTO",2018,"23,883"
"TTO",2019,"23,478"
"TTO",2020,"20,889"
"TTO",2021,"24,223"
"TTO",2022,"28,341"
"TTO",2023,"25,037"
"TTO",2024,"25,634"
"TUN",2012,"47,311"
"TUN",2013,"48,681"
"TUN",2014,"50,273"
"TUN",2015,"45,779"
"TUN",2016,"44,360"
"TUN",2017,"42,167"
"TUN",2018,"42,687"
"TUN",2019,"41,905"
"TUN",2020,"42,494"
"TUN",2021,"46,813"
"TUN",2022,"44,596"
"TUN",2023,"48,540"
"TUN",2024,"51,331"
"TUR",2012,"882,437"
"TUR",2013,"962,457"
"TUR",2014,"943,337"
"TUR",2015,"868,204"
"TUR",2016,"870,339"
"TUR",2017,"863,906"
"TUR",2018,"807,318"
"TUR",2019,"775,223"
"TUR",2020,"730,345"
"TUR",2021,"827,673"
"TUR",2022,"924,752"
"TUR",2023,"1,153,295"
"TUR",2024,"1,358,251"
"TKM",2012,"35,164"
"TKM",2013,"39,198"
"TKM",2014,"43,524"
"TKM",2015,"35,800"
"TKM",2016,"36,180"
"TKM",2017,"37,926"
"TKM",2018,"40,762"
"TKM",2019,"44,974"
"TKM",2020,"45,455"
"TKM",2021,"49,477"
"TKM",2022,"56,677"
"TKM",2023,"62,814"
"TKM",2024,"68,675"
"TUV",2012,"39"
"TUV",2013,"39"
"TUV",2014,"39"
"TUV",2015,"37"
"TUV",2016,"41"
"TUV",2017,"45"
"TUV",2018,"48"
"TUV",2019,"54"
"TUV",2020,"53"
"TUV",2021,"62"
"TUV",2022,"54"
"TUV",2023,"51"
"TUV",2024,"56"
"UGA",2012,"30,939"
"UGA",2013,"32,331"
"UGA",2014,"34,754"
"UGA",2015,"30,122"
"UGA",2016,"30,232"
"UGA",2017,"31,589"
"UGA",2018,"34,127"
"UGA",2019,"37,895"
"UGA",2020,"37,889"
"UGA",2021,"42,805"
"UGA",2022,"47,272"
"UGA",2023,"52,038"
"UGA",2024,"57,061"
"UKR",2012,"182,592"
"UKR",2013,"190,499"
"UKR",2014,"133,434"
"UKR",2015,"90,981"
"UKR",2016,"93,355"
"UKR",2017,"112,091"
"UKR",2018,"130,891"
"UKR",2019,"153,883"
"UKR",2020,"156,618"
"UKR",2021,"199,766"
"UKR",2022,"161,990"
"UKR",2023,"181,222"
"UKR",2024,"190,834"
"ARE",2012,"392,793"
"ARE",2013,"409,633"
"ARE",2014,"424,936"
"ARE",2015,"381,973"
"ARE",2016,"381,717"
"ARE",2017,"403,365"
"ARE",2018,"440,560"
"ARE",2019,"433,926"
"ARE",2020,"357,162"
"ARE",2021,"422,441"
"ARE",2022,"511,403"
"ARE",2023,"522,622"
"ARE",2024,"552,325"
"GBR",2012,"2,720,200"
"GBR",2013,"2,798,728"
"GBR",2014,"3,086,969"
"GBR",2015,"2,946,231"
"GBR",2016,"2,716,852"
"GBR",2017,"2,701,370"
"GBR",2018,"2,900,745"
"GBR",2019,"2,877,392"
"GBR",2020,"2,725,948"
"GBR",2021,"3,195,327"
"GBR",2022,"3,192,851"
"GBR",2023,"3,422,072"
"GBR",2024,"3,695,355"
"USA",2012,"16,253,950"
"USA",2013,"16,880,675"
"USA",2014,"17,608,125"
"USA",2015,"18,295,000"
"USA",2016,"18,804,900"
"USA",2017,"19,612,100"
"USA",2018,"20,656,525"
"USA",2019,"21,539,975"
"USA",2020,"21,375,275"
"USA",2021,"23,725,650"
"USA",2022,"26,054,600"
"USA",2023,"27,811,500"
"USA",2024,"29,298,025"
"URY",2012,"55,938"
"URY",2013,"62,857"
"URY",2014,"62,546"
"URY",2015,"58,218"
"URY",2016,"57,580"
"URY",2017,"65,068"
"URY",2018,"65,370"
"URY",2019,"62,229"
"URY",2020,"53,557"
"URY",2021,"60,742"
"URY",2022,"71,247"
"URY",2023,"79,214"
"URY",2024,"82,323"
"UZB",2012,"75,322"
"UZB",2013,"82,688"
"UZB",2014,"91,307"
"UZB",2015,"96,960"
"UZB",2016,"97,325"
"UZB",2017,"69,703"
"UZB",2018,"61,318"
"UZB",2019,"70,171"
"UZB",2020,"70,127"
"UZB",2021,"81,170"
"UZB",2022,"94,317"
"UZB",2023,"107,518"
"UZB",2024,"121,352"
"VUT",2012,"814"
"VUT",2013,"859"
"VUT",2014,"881"
"VUT",2015,"871"
"VUT",2016,"902"
"VUT",2017,"999"
"VUT",2018,"1,000"
"VUT",2019,"1,054"
"VUT",2020,"1,128"
"VUT",2021,"1,060"
"VUT",2022,"1,130"
"VUT",2023,"1,198"
"VUT",2024,"1,265"
"VEN",2012,"372,592"
"VEN",2013,"258,932"
"VEN",2014,"214,690"
"VEN",2015,"125,449"
"VEN",2016,"112,915"
"VEN",2017,"115,882"
"VEN",2018,"102,021"
"VEN",2019,"73,014"
"VEN",2020,"42,838"
"VEN",2021,"56,615"
"VEN",2022,"89,013"
"VEN",2023,"102,378"
"VEN",2024,"120,566"
"VNM",2012,"195,167"
"VNM",2013,"212,737"
"VNM",2014,"232,891"
"VNM",2015,"236,839"
"VNM",2016,"252,139"
"VNM",2017,"277,076"
"VNM",2018,"304,474"
"VNM",2019,"331,811"
"VNM",2020,"346,283"
"VNM",2021,"370,065"
"VNM",2022,"411,031"
"VNM",2023,"432,981"
"VNM",2024,"459,448"
"PSE",2012,"12,208"
"PSE",2013,"13,516"
"PSE",2014,"13,990"
"PSE",2015,"13,972"
"PSE",2016,"15,405"
"PSE",2017,"16,128"
"PSE",2018,"16,277"
"PSE",2019,"17,134"
"PSE",2020,"15,532"
"PSE",2021,"18,109"
"PSE",2022,"19,166"
"PSE",2023,"18,635"
"PSE",2024,"16,017"
"YEM",2012,""
"YEM",2013,""
"YEM",2014,"14,221"
"YEM",2015,"10,265"
"YEM",2016,"9,944"
"YEM",2017,"10,443"
"YEM",2018,"11,494"
"YEM",2019,"12,849"
"YEM",2020,"10,783"
"YEM",2021,"10,203"
"YEM",2022,"11,124"
"YEM",2023,"9,364"
"YEM",2024,"8,058"
"ZMB",2012,"25,502"
"ZMB",2013,"28,042"
"ZMB",2014,"27,145"
"ZMB",2015,"21,245"
"ZMB",2016,"20,965"
"ZMB",2017,"25,874"
"ZMB",2018,"26,311"
"ZMB",2019,"23,309"
"ZMB",2020,"18,138"
"ZMB",2021,"22,096"
"ZMB",2022,"29,164"
"ZMB",2023,"27,578"
"ZMB",2024,"25,303"
"ZWE",2012,"24,173"
"ZWE",2013,"26,756"
"ZWE",2014,"28,248"
"ZWE",2015,"28,123"
"ZWE",2016,"29,257"
"ZWE",2017,"31,018"
"ZWE",2018,"53,914"
"ZWE",2019,"39,776"
"ZWE",2020,"39,962"
"ZWE",2021,"52,413"
"ZWE",2022,"48,570"
"ZWE",2023,"44,372"
"ZWE",2024,"49,154"
